center_nose,center_left_eye,center_right_eye,nose_left_eye,nose_right_eye,left_right_eye,left_image_edge,right_image_edge,screen_width,screen_height,nose_x,nose_y,nose_z,left_eye_x,left_eye_y,left_eye_z,right_eye_x,right_eye_y,right_eye_z,forehead_x,forehead_y,forehead_z,chin_x,chin_y,chin_z,left_cheek_x,left_cheek_y,left_cheek_z,right_cheek_x,right_cheek_y,right_cheek_z,center_x,center_y,center_z,target
351.2334442138672,189.40223693847656,-0.03375012055039406,366.9957733154297,184.04541492462158,0.030567549169063568,321.09729766845703,184.73756790161133,0.017034050077199936,343.31180572509766,150.9594440460205,21.876670718193054,354.7852325439453,254.8667335510254,-21.11648440361023,291.09928131103516,212.361159324646,27.75939166545868,390.43590545654297,210.02393245697021,42.18487501144409,16.64771938717389,30.49502362402636,45.903694213639255,273.0042266845703,321.09729766845703,900,600,1285,722
327.9119110107422,183.2278060913086,-0.03236040100455284,349.22191619873047,177.61449337005615,0.024141576141119003,303.5156440734863,183.47160816192627,0.02773517556488514,325.65250396728516,149.34921741485596,25.10330557823181,335.8201599121094,249.1545867919922,-23.42305898666382,284.57958221435547,214.75836753845215,36.01306915283203,383.55804443359375,203.24536800384521,32.59994387626648,22.03691450313909,24.397485114730184,46.08002935407065,290.77808380126953,303.5156440734863,900,600,2540,25
369.6004867553711,184.83824729919434,-0.030015729367733,381.4985656738281,184.06484127044678,0.036729130893945694,339.4181442260742,179.0574073791504,0.011848244816064835,358.4413528442383,149.47239875793457,23.873732686042786,369.0160369873047,250.3604507446289,-23.049598932266235,300.2157211303711,204.11786556243896,18.783214688301086,394.50035095214844,212.16220378875732,44.8244047164917,11.923189121838783,30.730960133666123,42.377308354782166,258.5014343261719,339.4181442260742,900,600,26,21
373.6004638671875,196.584734916687,-0.03193502873182297,385.45162200927734,191.7823362350464,0.03381461650133133,343.0177688598633,187.31257438659668,0.007634270470589399,363.8242721557617,154.06840324401855,18.44931185245514,371.09058380126953,260.09416580200195,-18.21407675743103,303.9357376098633,209.54396724700928,19.104661345481873,396.9068908691406,216.82129383087158,46.42535090446472,12.787219494723864,31.95738091281541,42.66861450865137,254.54837799072266,343.0177688598633,900,600,15,1339
310.2834701538086,207.29965209960938,-0.0353410504758358,338.9444351196289,189.46649551391602,0.006080079358071089,294.74647521972656,199.92180347442627,0.027397871017456055,311.0130500793457,158.41954708099365,12.11202621459961,325.8203887939453,269.39929962158203,-12.231405973434448,284.7841453552246,226.211256980896,46.08858346939087,379.34425354003906,205.03987312316895,24.12258267402649,33.75607184762229,17.199734356024425,45.4177622066795,301.0555648803711,294.74647521972656,900,600,2537,1339
343.25565338134766,188.56525897979736,-0.04176578298211098,367.2659683227539,175.36736011505127,0.024639997631311417,313.2297134399414,178.48434448242188,0.0168044101446867,337.18605041503906,135.8975887298584,15.652381181716919,348.9883041381836,263.6498165130615,-15.31318187713623,281.5228462219238,208.93591403961182,37.46748089790344,396.74633026123047,201.94091320037842,45.789874792099,27.3985356913391,31.673047003222322,54.12607904981397,272.7340316772461,313.2297134399414,900,600,1284,726
320.6468963623047,180.26598930358887,-0.03833408281207085,348.4438705444336,169.26335334777832,0.019524170085787773,296.1348342895508,176.1308240890503,0.031037485226988792,320.95821380615234,134.47654724121094,22.89090871810913,330.2484130859375,255.6422996520996,-21.38004183769226,277.47779846191406,210.74511051177979,45.58983564376831,389.3304443359375,196.91338062286377,33.63795876502991,29.895313540052328,24.858414639917616,52.7579134187173,291.5561294555664,296.1348342895508,900,600,2549,26
372.28939056396484,177.27657794952393,-0.03377231955528259,384.99977111816406,174.4548511505127,0.041147079318761826,337.0740509033203,168.02411556243896,0.009999779984354973,358.10462951660156,133.02141666412354,24.605360627174377,372.19470977783203,252.91757583618164,-23.874292373657227,291.87061309814453,198.64515781402588,19.377917647361755,398.5512924194336,204.84354972839355,51.8885064125061,13.019827800736222,36.41055077362859,48.355237754716924,255.00022888183594,337.0740509033203,900,600,19,18
374.88719940185547,182.1225070953369,-0.034763261675834656,388.35594177246094,179.99187469482422,0.04143301025032997,338.9313507080078,174.86141681671143,0.009419137611985207,361.2296676635742,136.0155487060547,24.01034653186798,373.78623962402344,256.0374355316162,-23.469502329826355,293.7527084350586,202.70928382873535,19.717116951942444,399.8435592651367,208.5412073135376,53.121267557144165,13.636224384772257,36.681691445859144,49.690157978492174,251.64405822753906,338.9313507080078,900,600,20,1340
314.4998550415039,187.28004455566406,-0.03801252692937851,345.8592987060547,176.3884449005127,0.013740664348006248,295.1764678955078,185.16650676727295,0.03338684141635895,318.7148094177246,139.57438945770264,20.7601135969162,323.9054870605469,260.1771068572998,-19.863953590393066,280.0033760070801,215.96407413482666,49.04811143875122,388.8569641113281,200.59689044952393,28.763980865478516,33.19701266677813,19.43862990997576,51.43737657683555,294.1407012939453,295.1764678955078,900,600,2537,1344
328.10447692871094,184.99046802520752,-0.040705740451812744,354.53651428222656,174.36048030853271,0.021179212257266045,301.96041107177734,180.20719528198242,0.026378437876701355,325.70240020751953,137.9011058807373,19.97227370738983,338.27892303466797,258.8990592956543,-19.35679256916046,279.7787094116211,211.80810928344727,43.77509593963623,392.4608612060547,198.7419033050537,38.645864725112915,28.48945835768561,26.578033743446127,52.900195696959095,285.46348571777344,301.96041107177734,900,600,2068,978
320.1138687133789,185.00932216644287,-0.039759039878845215,348.1344985961914,172.95843601226807,0.018016133457422256,296.0199737548828,180.1387882232666,0.029702764004468918,319.7742462158203,137.72963047027588,20.44519007205963,331.5814208984375,259.0553569793701,-19.575594663619995,277.7940559387207,213.53346347808838,46.46818399429321,389.74979400634766,197.53369331359863,34.46194767951965,30.502123797048082,24.58125048004425,52.60685466086489,291.8655014038086,296.0199737548828,900,600,2431,555
323.6641311645508,181.3793420791626,-0.03857593238353729,351.78707122802734,170.43445587158203,0.019426945596933365,300.07822036743164,177.07693576812744,0.029823599383234978,323.44905853271484,135.98974227905273,21.836408972740173,333.3041763305664,255.88786125183105,-20.593392848968506,279.9743461608887,210.75757026672363,44.98668909072876,390.7331085205078,196.65239810943604,34.238115549087524,30.17764556606069,23.97510976398015,52.133749112252985,288.21292877197266,300.07822036743164,900,600,2035,191
373.0079650878906,191.4726161956787,-0.03899889439344406,389.6293258666992,183.22125434875488,0.03492634743452072,339.7694396972656,179.5786714553833,0.007854362018406391,362.6416015625,139.81759071350098,17.361322045326233,370.6764221191406,263.5086250305176,-17.425448298454285,295.6974220275879,204.73068237304688,24.586397409439087,402.9176712036133,210.44629096984863,52.84929156303406,18.556794078401225,35.30248562960438,49.99276606634162,250.37067413330078,339.7694396972656,900,600,24,1290
307.0754814147949,195.92951774597168,-0.038903895765542984,341.2754821777344,179.77231979370117,0.006269721779972315,291.62580490112305,188.19477081298828,0.03263064846396446,313.69462966918945,142.48043060302734,14.488303363323212,318.34877014160156,267.1091938018799,-14.567035138607025,279.6031951904297,216.88905715942383,52.505972385406494,386.54163360595703,201.13019943237305,25.453932881355286,37.82453037188847,17.277697025194083,50.358992591631,298.7245178222656,291.62580490112305,900,600,2535,1251
361.7008972167969,191.59782886505127,-0.03884509578347206,375.9014892578125,172.10326194763184,0.026105286553502083,324.39281463623047,178.95031929016113,0.005221608094871044,348.5373306274414,139.36327457427979,10.655940771102905,366.69116973876953,258.9363098144531,-9.954321384429932,292.2720146179199,204.01385307312012,26.47913932800293,398.70006561279297,191.218900680542,47.06722140312195,24.11835304520399,39.393559426450665,51.96177205911951,264.0985107421875,324.39281463623047,900,600,1283,718
334.62772369384766,180.98474979400635,-0.03721422329545021,356.94602966308594,169.53064441680908,0.022382767871022224,306.6210174560547,178.42487812042236,0.022535784170031548,330.87890625,139.52243328094482,20.838282108306885,342.88501739501953,252.5965404510498,-17.88773238658905,287.6346206665039,206.75434112548828,35.49143314361572,392.44529724121094,191.1311960220337,35.18879413604736,25.085918586499407,28.12345173116645,51.104933683670254,283.05397033691406,306.6210174560547,900,600,2540,22
383.2596969604492,185.3747320175171,-0.03219113126397133,392.36034393310547,174.217529296875,0.03484254330396652,344.46292877197266,169.97955322265625,-0.0003179392369929701,361.1109924316406,136.44813537597656,14.592789709568024,388.9678192138672,255.1270866394043,-12.572071552276611,302.48462677001953,198.95553588867188,13.787840008735657,399.16969299316406,191.0277557373047,48.87715816497803,14.398088340832633,41.73967838874803,48.08453826671902,247.63965606689453,344.46292877197266,900,600,23,29
382.7862548828125,189.36847686767578,-0.032168395817279816,400.07129669189453,180.02657890319824,0.03117755427956581,350.97034454345703,176.40624046325684,0.005923131015151739,372.70267486572266,140.9029769897461,16.323662996292114,378.8700866699219,258.99810791015625,-14.632650017738342,307.5674057006836,197.63267040252686,18.492942452430725,407.23453521728516,202.2881555557251,43.58287453651428,19.64799551914707,34.35508293289291,49.23423963364181,239.92870330810547,350.97034454345703,900,600,25,1326
384.2142868041992,188.75786304473877,-0.03189525753259659,399.07772064208984,179.29555892944336,0.0329059436917305,350.40592193603516,176.47132873535156,0.004615268670022488,371.76082611083984,140.17722129821777,16.515517830848694,381.94313049316406,258.48031997680664,-15.047637820243835,306.7935371398926,198.94410610198975,17.16599464416504,406.90738677978516,201.21231079101562,45.25441288948059,17.6197861685007,35.971717506878356,48.753669251369445,240.92227935791016,350.40592193603516,900,600,31,1348
323.37696075439453,189.0670108795166,-0.03787095472216606,350.34889221191406,176.49743556976318,0.018282514065504074,300.69847106933594,187.75005340576172,0.02999819628894329,320.91053009033203,142.75883674621582,22.64121115207672,341.0968780517578,265.1251029968262,-20.404103994369507,287.2114562988281,220.39423942565918,41.92596673965454,394.7234344482422,196.0612964630127,29.932855367660522,29.757004385802922,22.716695872925442,50.90958385017895,289.65110778808594,300.69847106933594,900,600,2545,1340
362.99365997314453,207.68048286437988,-0.03240911662578583,377.58880615234375,201.4907741546631,0.030297547578811646,334.83959197998047,199.38510417938232,0.010946963913738728,354.08897399902344,167.7517032623291,18.259395360946655,364.3515396118164,271.5927314758301,-17.56426513195038,300.438232421875,224.76123332977295,22.81806707382202,394.3989562988281,226.37792587280273,43.157193660736084,15.853415591074926,29.350721491834182,42.80104155741288,262.41119384765625,334.83959197998047,900,600,444,90
354.7087097167969,207.89727687835693,-0.03411204367876053,371.3081741333008,199.68788623809814,0.027185870334506035,326.68041229248047,200.68330764770508,0.014028367586433887,347.2831726074219,167.7308177947998,17.503098249435425,358.79295349121094,270.70838928222656,-17.20676064491272,297.5335693359375,226.87146663665771,27.625783681869507,394.029541015625,223.29465866088867,41.72850966453552,18.518539726424113,28.94178309238623,44.63886188853476,268.6918258666992,326.68041229248047,2560,1440,1226,347
345.8682632446289,211.01158618927002,-0.03487365320324898,364.6368408203125,201.47552490234375,0.02252870425581932,319.4969940185547,203.95517349243164,0.014894700609147549,340.0347900390625,169.17341709136963,14.792181551456451,350.9074401855469,272.6565742492676,-14.527991116046906,292.94960021972656,229.1781234741211,30.827386379241943,390.1200485229492,223.4260654449463,39.049562215805054,21.05222005116009,27.29902563723092,45.20790225631455,275.3631591796875,319.4969940185547,2560,1440,1459,812
342.9911804199219,209.55313682556152,-0.03500598669052124,361.35894775390625,199.51475143432617,0.022060025483369827,316.51437759399414,202.781081199646,0.016220813617110252,337.860107421875,168.63327026367188,15.43348252773285,348.7493896484375,272.261438369751,-15.153377652168274,292.103271484375,229.05980587005615,31.777596473693848,389.08985137939453,222.03284740447998,38.179932832717896,20.931890934608628,27.32913875854029,44.96336712217062,278.64105224609375,316.51437759399414,2560,1440,1728,395
340.83457946777344,206.99568271636963,-0.0343257375061512,360.6404495239258,197.97574996948242,0.02244342304766178,316.1775016784668,201.37484550476074,0.01847386360168457,335.92700958251953,168.01583290100098,17.426644563674927,347.5754165649414,270.00168800354004,-16.754790544509888,291.9149589538574,228.69389533996582,32.40795850753784,387.8908157348633,220.66949844360352,36.913830041885376,21.76308055950628,25.2896282311015,44.59268529216372,279.3595504760742,316.1775016784668,2560,1440,1578,123
341.80030822753906,206.69825077056885,-0.034379079937934875,361.0057830810547,197.93513774871826,0.02320033870637417,316.5460777282715,201.03911876678467,0.01800534687936306,336.52759552001953,167.6547145843506,17.56246268749237,348.14422607421875,270.0099277496338,-16.908634901046753,291.6061019897461,228.21049690246582,31.780364513397217,388.05530548095703,221.02532386779785,37.46882915496826,21.110244294719763,25.880531933219437,44.56792678840711,278.9942169189453,316.5460777282715,2560,1440,1560,115
353.5176467895508,206.22206211090088,-0.03415770083665848,372.3344421386719,198.6727809906006,0.02750692144036293,327.5151062011719,199.33772563934326,0.0149121955037117,346.79027557373047,166.55739784240723,18.33283245563507,356.86912536621094,270.48540115356445,-17.808056473731995,296.25179290771484,225.23497581481934,28.042039275169373,392.93365478515625,223.35122108459473,41.56175136566162,20.274699323147253,26.89844244011,44.82426826245322,267.6655578613281,327.5151062011719,2560,1440,687,69
363.8960647583008,201.7404556274414,-0.03767403960227966,379.64508056640625,187.83528327941895,0.027357211336493492,330.07904052734375,191.02503776550293,0.008916551247239113,352.7481460571289,152.99034118652344,14.668501317501068,367.91316986083984,273.06541442871094,-12.74235337972641,299.0277671813965,217.34623432159424,25.19465446472168,401.69395446777344,208.18875789642334,44.29025173187256,21.00917221006493,35.47409347387309,49.66857013077223,260.35491943359375,330.07904052734375,2560,1377,1279,721
338.2522964477539,197.7986240386963,-0.03700939565896988,358.8330841064453,183.2695484161377,0.017942093312740326,310.045223236084,190.22103309631348,0.01808609813451767,335.24940490722656,152.41467475891113,14.600728154182434,345.67333221435547,269.3544673919678,-11.714406609535217,290.2291488647461,217.04923152923584,36.00252628326416,394.5071792602539,205.08191585540771,36.044325828552246,25.192515934264502,29.207171442277478,49.28060985382032,281.1669158935547,310.045223236084,2560,1377,2544,21
388.5420608520508,206.93498611450195,-0.030920153483748436,397.00103759765625,190.61433792114258,0.029229043051600456,354.6169662475586,184.1535472869873,-0.006857051979750395,377.6067352294922,151.279935836792,6.792771220207214,376.59542083740234,272.3213195800781,-4.775552451610565,311.17963790893555,202.32047080993652,10.468499958515167,397.5858688354492,207.4450922012329,46.27421736717224,18.382541854545,40.864483344042625,42.873666974362685,242.99896240234375,354.6169662475586,2560,1377,23,20
389.6952819824219,212.74423599243164,-0.030938275158405304,399.8057556152344,197.06059455871582,0.026848742738366127,356.33636474609375,192.07982540130615,-0.006984351202845573,380.36861419677734,155.51363468170166,4.817689061164856,378.91624450683594,272.8718948364258,-4.308949559926987,313.1353759765625,206.3441562652588,11.944848597049713,401.90975189208984,210.57003021240234,45.69271445274353,18.660071963986752,39.24073424719279,43.753811307513885,240.19424438476562,356.33636474609375,2560,1377,21,1342
321.1001205444336,219.3286657333374,-0.04062005877494812,347.25990295410156,195.98337650299072,0.005348900333046913,300.5595397949219,208.2758617401123,0.020943908020853996,316.1228370666504,164.44713592529297,7.447670549154282,338.2225799560547,283.65257263183594,-6.796355992555618,287.93758392333984,230.0260877609253,44.558833837509155,388.84654998779297,206.3042449951172,28.149436712265015,35.06189876446674,23.32552107970718,48.29108729883931,292.74009704589844,300.5595397949219,2560,1377,2545,1343
347.27237701416016,225.72993278503418,-0.033232200890779495,364.85103607177734,219.10062789916992,0.026864068582654,320.2186965942383,221.9740390777588,0.01742752641439438,339.7965621948242,188.64129066467285,19.680994749069214,353.87683868408203,287.6048183441162,-18.9793199300766,293.542537689209,249.6192741394043,29.12019968032837,389.9104690551758,242.2653579711914,39.32069778442383,18.78714820119569,27.313153640757324,44.724738333941445,275.14896392822266,320.2186965942383,2560,1377,1283,721
368.52561950683594,231.70778274536133,-0.03302084654569626,380.93597412109375,221.56333923339844,0.0274845939129591,337.11986541748047,223.1608486175537,0.008721317164599895,358.0101013183594,190.40232181549072,14.89447295665741,370.56480407714844,291.1057376861572,-14.011962711811066,307.9668426513672,245.46813011169434,22.803592085838318,399.4584274291992,239.99549388885498,42.02540874481201,16.028931212624133,32.54798723279445,43.84522115532455,259.06402587890625,337.11986541748047,2560,1377,1279,725
342.49420166015625,227.426118850708,-0.03342331573367119,361.52069091796875,216.91047191619873,0.018711041659116745,317.4855613708496,223.86888027191162,0.016197940334677696,337.97863006591797,188.9155912399292,15.39502501487732,350.7663345336914,289.47054862976074,-12.786663472652435,299.31602478027344,246.80431365966797,30.56406855583191,391.2799072265625,234.0222930908203,33.171143531799316,21.739046067592497,25.26036491079273,44.58152174473658,278.47930908203125,317.4855613708496,2560,1377,2543,28
383.1757354736328,228.60557556152344,-0.027918610721826553,391.47979736328125,222.6588535308838,0.03151332587003708,350.78014373779297,219.21190738677979,-0.0011737239547073841,365.7337951660156,186.06784343719482,13.480913043022156,383.9760971069336,288.77758026123047,-10.768786668777466,314.1755676269531,242.39192962646484,10.780782401561737,396.5458297729492,236.38854503631592,44.30917739868164,10.213762616039523,33.73003655041611,40.84535766712143,248.52020263671875,350.78014373779297,2560,1377,24,23
389.5228576660156,249.68181610107422,-0.030170906335115433,394.1762161254883,233.18305492401123,0.026601675897836685,354.4424057006836,232.00756072998047,-0.009562299586832523,374.8603057861328,197.30358123779297,3.3768530935049057,383.9498519897461,305.9219169616699,-2.4570903182029724,315.28480529785156,250.10458946228027,9.442611336708069,397.0745849609375,246.18879318237305,45.89564323425293,17.14242880487204,39.2812603287446,39.75119466726148,245.82378387451172,354.4424057006836,2560,1377,14,1339
333.2001495361328,254.55679893493652,-0.03702773526310921,356.2956237792969,233.1177806854248,0.0005739241023547947,313.6286735534668,240.00411987304688,0.011399316601455212,330.6403350830078,202.41888999938965,-1.3627685979008675,343.4551239013672,311.3758850097656,2.1298959106206894,300.570068359375,254.83875274658203,37.90301442146301,391.8815612792969,241.7120361328125,26.34708523750305,31.512417140225075,24.38899628968839,43.219096577559796,283.7043762207031,313.6286735534668,2560,1377,2546,1337
383.30810546875,226.9081735610962,-0.027441581711173058,394.15401458740234,220.43705463409424,0.03053128533065319,353.5090637207031,218.4917449951172,0.004830722697079182,372.9939270019531,188.6222791671753,16.431291103363037,380.6239318847656,282.61281967163086,-14.471226632595062,320.55641174316406,237.29375839233398,14.276795089244843,403.07567596435547,237.6089859008789,41.00800395011902,12.629692188547944,30.96480516502676,40.69147650980351,245.84598541259766,353.5090637207031,2560,1440,782,329
368.39595794677734,229.01025295257568,-0.031345728784799576,382.6723098754883,220.2671241760254,0.026594895869493484,338.95225524902344,222.75771617889404,0.01049119047820568,359.12479400634766,189.54960823059082,16.41588807106018,372.3501205444336,288.5516166687012,-14.732210040092468,311.52549743652344,245.8963966369629,22.857567071914673,402.91500091552734,238.02768230438232,39.783618450164795,16.740863932179554,30.100263199180866,43.7909377048017,257.3276901245117,338.95225524902344,2560,1440,1354,706
357.366943359375,230.8441400527954,-0.03284125775098801,372.8471374511719,220.17934799194336,0.023195689544081688,329.0419006347656,225.51043510437012,0.013163819909095764,350.13572692871094,191.5255880355835,15.374312996864319,362.58888244628906,289.38076972961426,-13.474466800689697,306.28862380981445,248.00557136535645,27.47392773628235,398.4320831298828,237.48178482055664,38.00754904747009,18.79824988718141,28.822846039692244,44.128440515632505,267.1528625488281,329.0419006347656,2560,1440,1899,867
359.38541412353516,235.51368713378906,-0.0336054302752018,376.7066192626953,223.24411869049072,0.020628536120057106,332.3895263671875,228.41551780700684,0.010797913186252117,351.83998107910156,192.87620544433594,12.110257744789124,364.39937591552734,293.4221935272217,-10.52384465932846,307.77517318725586,250.18012046813965,27.354868054389954,400.089111328125,239.1503620147705,37.64809012413025,21.22655076213869,27.913472796214258,44.61780016463578,263.2933807373047,332.3895263671875,2560,1440,1283,1310
368.9472961425781,233.84063243865967,-0.030667005106806755,386.1750793457031,223.03330421447754,0.024080604314804077,342.4859619140625,225.689377784729,0.008288396522402763,360.9840774536133,191.48231506347656,13.377176821231842,370.31566619873047,290.62485694885254,-11.594176590442657,311.4544677734375,245.85256576538086,22.5543075799942,401.3111877441406,240.1134967803955,38.979703187942505,20.33703167719123,27.688357870889327,43.76978077128412,253.82492065429688,342.4859619140625,2560,1440,300,1084
375.0588607788086,238.72841835021973,-0.031195711344480515,390.54710388183594,225.74369430541992,0.02205997332930565,347.5265884399414,226.35480880737305,0.003979652188718319,367.34092712402344,192.39375114440918,9.400534629821777,373.53328704833984,296.73357009887695,-7.107138633728027,314.3584442138672,244.17649269104004,20.89403808116913,403.20011138916016,241.11794471740723,39.12704944610596,20.211104198882264,30.18496700777355,43.024855721092,249.45289611816406,347.5265884399414,2560,1440,428,1127
360.55004119873047,237.86547660827637,-0.0341913104057312,376.74610137939453,223.70108127593994,0.0217751394957304,331.9664764404297,227.05594539642334,0.0079549141228199,353.2765197753906,191.41788482666016,10.284079313278198,363.04534912109375,298.3080768585205,-9.337864816188812,304.2917251586914,249.06071662902832,26.32107675075531,398.3335876464844,241.24820709228516,40.270657539367676,21.516097706285077,30.559223473642113,44.9051213442439,263.25389862060547,331.9664764404297,2560,1377,1281,722
343.8640594482422,232.3344326019287,-0.03279411047697067,363.0363464355469,220.43256282806396,0.017380012199282646,318.6662483215332,226.42345905303955,0.01598590612411499,338.9229965209961,189.5346164703369,13.721065521240234,353.0216979980469,296.75073623657227,-11.71296089887619,300.3684616088867,252.19056129455566,31.35847806930542,395.65677642822266,238.68895053863525,32.71347641944885,22.56614926028825,25.881833278826413,44.772719866293876,276.9636535644531,318.6662483215332,2560,1377,2537,22
391.0894012451172,239.73881721496582,-0.02780289016664028,391.16085052490234,221.55514240264893,0.028371760621666908,354.8828125,222.50216960906982,-0.009314721450209618,375.57769775390625,189.66273307800293,6.0729798674583435,384.7102355957031,295.6408882141113,-5.062286406755447,313.85108947753906,241.26259803771973,7.133407294750214,393.70018005371094,236.7849826812744,44.9325156211853,18.18381518492942,40.10011333210776,36.29039684911095,248.83914947509766,354.8828125,2560,1377,20,17
386.97147369384766,251.7674160003662,-0.028611959889531136,394.385986328125,226.7882537841797,0.018480179831385612,355.3681945800781,228.16434860229492,-0.011587454006075859,378.8343048095703,194.1115379333496,-2.2006816416978836,376.36314392089844,301.3047409057617,2.365988865494728,315.87093353271484,238.19649696350098,10.50005704164505,397.3888397216797,237.31969356536865,40.49871325492859,26.056353210424877,39.444543872894734,39.04205053326987,245.614013671875,355.3681945800781,2560,1377,27,1341
347.1232604980469,251.65703773498535,-0.03581659495830536,368.49525451660156,232.19950675964355,0.008165706880390644,322.60669708251953,237.33816146850586,0.011162853799760342,345.03700256347656,198.61417293548584,3.270694389939308,353.040771484375,310.8571243286133,-1.9743360579013824,304.28417205810547,253.73519897460938,35.22240400314331,401.34002685546875,244.843111038208,31.60970449447632,28.90255421213708,28.39176111554765,46.175377373638845,271.50474548339844,322.60669708251953,2560,1377,2542,1348
357.6241683959961,235.19259452819824,-0.03217076137661934,376.67755126953125,221.12699031829834,0.01989288441836834,332.35523223876953,225.0767183303833,0.010947715491056442,352.1013641357422,190.15073776245117,11.92610889673233,360.9870910644531,297.45606422424316,-10.238674879074097,305.49232482910156,247.8727912902832,27.00152814388275,399.57923889160156,239.39569473266602,36.03080749511719,23.682749433186103,27.218561419875055,44.49795855580423,263.32244873046875,332.35523223876953,2560,1440,1591,746
341.86450958251953,235.32780647277832,-0.03381292521953583,360.9628677368164,222.17405319213867,0.017102062702178955,316.6495895385742,229.7957468032837,0.01620692014694214,336.4329528808594,191.6317319869995,13.143538534641266,352.11986541748047,297.47769355773926,-11.938385367393494,299.2948532104492,253.81173133850098,32.43620038032532,394.6221160888672,237.99017429351807,33.28329563140869,23.18983634176266,25.814644622953928,44.96395042894891,279.0371322631836,316.6495895385742,2560,1440,2393,787
341.0643768310547,233.4793996810913,-0.03339870274066925,361.47666931152344,220.11056900024414,0.016505470499396324,318.05572509765625,225.89947700500488,0.0174111220985651,338.302001953125,190.4930019378662,13.664829432964325,349.34112548828125,295.16581535339355,-12.368718981742859,300.35518646240234,250.20132064819336,33.07564616203308,395.3402328491211,237.71281242370605,32.25175380706787,24.400559790327794,24.225054847497624,43.80513499935081,278.52333068847656,318.05572509765625,2560,1440,2269,240
377.7425765991211,233.33826541900635,-0.030306696891784668,392.0851516723633,223.4730577468872,0.02886238507926464,349.2158889770508,221.67433261871338,0.004474862944334745,369.6179962158203,189.69549179077148,14.637366235256195,374.05235290527344,295.8236503601074,-12.534537613391876,313.68663787841797,241.64912223815918,17.937424778938293,401.4046096801758,243.3826732635498,42.247910499572754,17.407808079871128,30.819137480742867,42.906981904189394,247.91484832763672,349.2158889770508,2560,1440,394,157
376.8844223022461,233.86083126068115,-0.03043098747730255,391.1971664428711,223.23153018951416,0.02837468683719635,348.28407287597656,221.8297004699707,0.004169050604104996,368.8243865966797,189.01256561279297,13.966206014156342,372.95299530029297,295.74594497680664,-11.921018064022064,313.1160354614258,241.57596588134766,18.16279649734497,401.0500717163086,242.98765182495117,42.382811307907104,17.827974817586743,31.02785998756435,42.935984046527224,248.8028335571289,348.28407287597656,2560,1440,403,174
382.7865219116211,233.0681562423706,-0.029391754418611526,394.3876647949219,223.24241638183594,0.031122369691729546,352.8917694091797,220.64784049987793,0.0021615917794406414,372.5009536743164,188.90291690826416,14.610503911972046,377.97847747802734,296.21898651123047,-12.591761648654938,315.2968978881836,240.584135055542,15.00331163406372,399.72328186035156,242.89258003234863,43.678178787231445,15.203015490542006,32.37221756885737,41.57693059704742,245.61233520507812,352.8917694091797,2560,1440,100,75
297.9410171508789,235.99016189575195,-0.0330517515540123,316.38078689575195,224.8339033126831,0.019178146496415138,273.9122772216797,224.65732097625732,0.0120770912617445,294.20318603515625,192.37154960632324,11.584679782390594,299.5788383483887,296.92285537719727,-11.349487602710724,246.79494857788086,247.55719184875488,28.55138897895813,339.7575378417969,246.54115676879883,36.04137182235718,21.55196542815139,26.567153138634648,42.468876783573016,323.61921310424805,273.9122772216797,2560,1377,1281,721
270.6288146972656,233.60694408416748,-0.03248850256204605,295.61283111572266,221.69287204742432,0.012016347609460354,252.2758674621582,226.70010566711426,0.023253142833709717,271.9620132446289,191.4927577972412,14.470878839492798,278.5136032104492,295.4330348968506,-13.669023513793945,236.88709259033203,253.25551986694336,38.26516628265381,328.9399719238281,242.7945613861084,26.86623752117157,27.679345889930925,19.60956626582851,43.625277159377674,344.38716888427734,252.2758674621582,2560,1377,2541,27
330.4378890991211,238.81998538970947,-0.030486438423395157,339.0930938720703,232.3318862915039,0.03036624751985073,300.4829978942871,223.4787082672119,0.0017048300942406058,321.6072082519531,193.44935417175293,12.863611578941345,321.5951156616211,301.8244743347168,-12.72260069847107,259.2743110656738,241.31300926208496,15.510070323944092,344.7367858886719,254.17960166931152,44.766976833343506,10.817023600317178,33.654870239576134,39.612097552937506,300.9069061279297,300.4829978942871,2560,1377,22,24
331.65348052978516,245.7469081878662,-0.0314301997423172,341.0282897949219,237.34086513519287,0.027580952271819115,302.3571014404297,229.93278980255127,-0.0007959791109897196,324.82662200927734,198.4709930419922,9.03527319431305,320.82454681396484,306.15031242370605,-9.701950550079346,260.91930389404297,245.0551414489746,15.736357569694519,346.2770462036133,258.0991744995117,44.782211780548096,12.59160865660504,33.292103689193034,39.374362075882644,298.9717102050781,302.3571014404297,2560,1377,16,1335
264.42420959472656,250.25776863098145,-0.03567175567150116,293.11458587646484,233.7773895263672,0.0020669433288276196,250.63405990600586,237.94489860534668,0.022780906409025192,269.44631576538086,200.18425941467285,6.35894849896431,272.2772026062012,309.73703384399414,-6.779450476169586,238.21552276611328,258.63779067993164,44.65847611427307,330.31314849853516,251.18677139282227,23.37736666202545,33.08686426090476,18.487157615639532,42.68446109124744,346.88541412353516,250.63405990600586,2560,1377,2538,1350
281.78749084472656,244.1037940979004,-0.035672981292009354,305.38761138916016,232.05605506896973,0.015318579971790314,260.1834297180176,231.63579940795898,0.014663731679320335,281.6106986999512,196.35177612304688,10.073431134223938,283.34882736206055,305.352087020874,-9.916786551475525,234.24293518066406,252.98998832702637,34.25155162811279,331.0745620727539,252.8324317932129,35.150306224823,26.49742827938243,24.943663499072972,45.20613515197107,334.61238861083984,260.1834297180176,2560,1377,1279,727
262.93834686279297,238.51189613342285,-0.032959870994091034,289.6189308166504,226.60099983215332,0.01028643362224102,246.16451263427734,229.80830669403076,0.02529774233698845,268.00899505615234,194.71425533294678,14.433932304382324,267.33055114746094,300.97437858581543,-14.053975939750671,230.8530044555664,255.89744567871094,40.39702534675598,324.27188873291016,249.30204391479492,25.09143054485321,29.218538820728703,18.897459719634803,43.5726207253454,350.3810691833496,246.16451263427734,2560,1377,2541,23
309.4785499572754,239.18867111206055,-0.03253363445401192,323.9799118041992,232.20309734344482,0.028030723333358765,282.2348403930664,226.58226013183594,0.007637036964297295,302.66382217407227,195.16100406646729,14.599544405937195,304.82133865356445,302.323694229126,-14.475542306900024,245.11608123779297,247.35217094421387,21.698520183563232,335.3451156616211,255.0794792175293,42.69204497337341,16.096202542593396,30.01901578368784,42.12178531449,316.0200881958008,282.2348403930664,2560,1377,17,21
311.69166564941406,242.8736114501953,-0.03278306871652603,325.46268463134766,235.9912633895874,0.026982953771948814,284.14512634277344,231.611967086792,0.006727523636072874,305.2006530761719,198.4665584564209,13.291788697242737,306.3493347167969,304.5765495300293,-13.233516812324524,246.8484115600586,249.67523574829102,21.641923785209656,337.4488830566406,257.9509162902832,42.58883357048035,15.39505370656851,29.759644849024504,41.54899347803032,314.53731536865234,284.14512634277344,2560,1377,22,1343
269.1754913330078,244.87438201904297,-0.03533690795302391,292.8067207336426,232.43230819702148,0.010157926939427853,248.59899520874023,236.23995780944824,0.019755283370614052,269.8883247375488,199.27748680114746,10.041064023971558,275.3040313720703,306.340913772583,-10.121442675590515,231.4459991455078,258.82564544677734,39.18375492095947,326.4344024658203,251.54671669006348,29.377389550209045,26.706557321715152,22.31469189084255,44.37140060507574,347.1932792663574,248.59899520874023,2560,1377,2539,1345
301.9431495666504,257.33951568603516,-0.036251094192266464,318.7439727783203,241.83005332946777,0.01662623882293701,275.12840270996094,240.77848434448242,0.002272191923111677,297.4186706542969,206.18765830993652,2.161126658320427,297.70009994506836,315.2114009857178,-2.7652177959680557,241.15345001220703,257.0914363861084,26.32188320159912,335.2070617675781,259.20169830322266,41.39490723609924,22.865062501107833,31.516637004671498,43.62824486176529,321.2560272216797,275.12840270996094,2560,1440,567,1210
282.9055404663086,243.92841339111328,-0.03543761000037193,304.29956436157227,229.86546993255615,0.01629897579550743,259.61082458496094,229.95311737060547,0.012103491462767124,280.9316635131836,195.97397804260254,9.1227588057518,284.3576431274414,304.85939025878906,-9.015808403491974,232.32162475585938,251.38312339782715,31.72420620918274,329.0977478027344,250.50418853759766,36.309170722961426,25.602160790638116,27.165284589960258,44.68882572741289,335.70043563842773,259.61082458496094,2560,1440,1445,666
279.96570587158203,241.83631896972656,-0.03467637300491333,300.8387565612793,228.71769905090332,0.01647903583943844,256.4644241333008,229.22987937927246,0.014168893918395042,277.360782623291,195.64410209655762,10.798384845256805,283.38462829589844,303.05216789245605,-10.560868084430695,231.90895080566406,252.67438888549805,32.37001061439514,327.4313735961914,249.15000915527344,35.061789751052856,24.65324387721051,26.668943782794255,44.37728819021633,339.1612434387207,256.4644241333008,2560,1440,1855,54
297.840633392334,243.2248592376709,-0.03367530554533005,316.6216278076172,231.98191165924072,0.022095412015914917,273.0551528930664,229.26727294921875,0.008302637375891209,293.59691619873047,196.3155698776245,10.662707090377808,295.65425872802734,304.25148010253906,-10.727854371070862,239.90367889404297,249.6192741394043,25.656149983406067,333.13243865966797,253.19194793701172,39.99108910560608,21.88902970618451,28.445285348879185,43.650967913737404,323.3783721923828,273.0551528930664,2560,1440,566,93
304.6660614013672,244.79742050170898,-0.033597029745578766,321.85791015625,235.19644260406494,0.02359609678387642,278.90649795532227,231.3014316558838,0.006955418270081282,299.7774124145508,197.83842086791992,10.889604985713959,300.1742935180664,306.63150787353516,-10.816941261291504,243.10155868530273,250.350923538208,23.96173059940338,335.3615188598633,256.37929916381836,41.07638955116272,19.691075140830048,29.08086697224572,43.127658414762735,318.14208984375,278.90649795532227,2560,1440,62,667
386.5041732788086,200.96745014190674,-0.039052680134773254,404.7259521484375,184.70642566680908,0.02316625416278839,353.8175582885742,190.59096336364746,0.014466186054050922,374.6016311645508,148.83533477783203,14.712630808353424,397.6902389526367,274.33536529541016,-13.08449238538742,324.43477630615234,220.11754989624023,32.00080633163452,435.92594146728516,203.40826034545898,40.73833107948303,24.4224106540157,34.294114325627426,51.24736431560629,235.2740478515625,353.8175582885742,2560,1377,1280,720
367.16224670410156,192.702898979187,-0.033438995480537415,393.7581253051758,181.98565006256104,0.02288789302110672,341.8059539794922,190.28042793273926,0.029152866452932358,363.8975524902344,147.4918556213379,25.90896248817444,382.2111129760742,272.5729179382324,-21.91310942173004,322.9352569580078,231.39394283294678,35.978100299835205,435.65052032470703,209.6023178100586,29.923004508018494,28.674033251427993,25.471748010432187,52.61018385606326,246.24187469482422,341.8059539794922,2560,1377,2535,21
403.2875061035156,192.2579526901245,-0.030506644397974014,411.54701232910156,180.77914237976074,0.02976331301033497,372.9882049560547,182.66926288604736,0.004556856583803892,383.42464447021484,146.9646978378296,14.826419055461884,415.29815673828125,264.0414047241211,-12.06717163324356,333.7229537963867,217.5437593460083,15.591779351234436,431.25511169433594,201.64658546447754,41.382304430007935,14.141517925307964,31.780349623365392,38.60510564109389,228.45298767089844,372.9882049560547,2560,1377,22,21
406.24603271484375,199.0971279144287,-0.03418707847595215,421.8037414550781,188.68834018707275,0.027312587946653366,375.8866500854492,188.5497522354126,0.007487960625439882,392.93643951416016,152.14048862457275,14.150347709655762,409.28104400634766,269.26294326782227,-11.978234946727753,336.14830017089844,214.39666271209717,22.15588867664337,436.86302185058594,209.84381675720215,42.08171010017395,18.718578022892686,32.1393722302145,45.91730051371917,218.19625854492188,375.8866500854492,2560,1377,19,1345
375.1253128051758,207.39708423614502,-0.03673142194747925,397.1040725708008,189.46768283843994,0.01707039773464203,346.7000961303711,197.9560089111328,0.022053398191928864,368.21910858154297,153.01719188690186,16.931426525115967,391.0634231567383,282.3175621032715,-13.962379395961761,327.0100784301758,229.52792644500732,36.531593799591064,438.050537109375,208.1312656402588,31.753227710723877,28.364225977718572,29.952075826262007,51.11372145054348,242.89592742919922,346.7000961303711,2560,1377,2548,1341
384.3387985229492,205.12797832489014,-0.035864174365997314,403.91109466552734,185.7876491546631,0.017403321340680122,353.8417434692383,193.96864414215088,0.018069462850689888,370.3043746948242,151.357741355896,14.020970463752747,399.0529251098633,264.7418403625488,-12.5220787525177,325.99353790283203,219.78761672973633,35.15857458114624,436.66996002197266,198.69704246520996,33.87632489204407,27.515870124448433,32.47462249743835,50.73330866602959,236.08890533447266,353.8417434692383,2560,1377,1277,720
357.9635238647461,190.75989246368408,-0.030608998611569405,388.4237289428711,184.6325397491455,0.017992401495575905,339.11094665527344,194.0319585800171,0.036681681871414185,359.3410873413086,149.06121253967285,27.81437337398529,371.9026184082031,262.20288276672363,-24.82372283935547,325.35396575927734,233.6383581161499,40.776400566101074,433.8893127441406,210.93280792236328,21.79590940475464,31.07038050442568,19.134421446931245,50.20059333615638,251.5762710571289,339.11094665527344,2560,1377,2548,21
416.4095687866211,203.0284595489502,-0.035782378166913986,430.4928970336914,185.85525512695312,0.02345547080039978,384.6590805053711,183.43398571014404,0.0035424118395894766,404.01561737060547,146.98503971099854,7.65227884054184,417.3550033569336,267.3661994934082,-6.8370285630226135,343.55743408203125,203.7392520904541,22.509596943855286,443.6552047729492,205.01256465911865,42.596275806427,22.209436837399284,37.31001086997232,45.89772633955307,209.5071029663086,384.6590805053711,2560,1377,21,18
429.4124221801758,209.03778076171875,-0.03493325039744377,433.8203811645508,189.10454750061035,0.026919463649392128,389.89227294921875,188.99055004119873,-0.007362487725913525,409.0083694458008,149.05776500701904,4.544333070516586,428.8801574707031,276.3952445983887,-2.2827643901109695,342.43446350097656,210.77542304992676,13.424726128578186,440.76622009277344,203.28723907470703,47.680431604385376,20.414795875778196,44.31403451276892,43.92825613200089,206.17961883544922,389.89227294921875,2560,1377,28,1339
381.12186431884766,206.14829063415527,-0.04022717475891113,404.26536560058594,190.02386569976807,0.01687837578356266,353.50799560546875,197.05111026763916,0.02212509699165821,377.1977996826172,153.122878074646,16.238272190093994,393.64444732666016,281.66473388671875,-13.061623871326447,333.2566452026367,224.79453563690186,39.092509746551514,446.29520416259766,209.50414180755615,33.53067398071289,28.206714290085426,29.073775742766067,51.24151417588961,235.73463439941406,353.50799560546875,2560,1377,2544,1340
380.0047302246094,211.65075302124023,-0.04167494177818298,402.7063751220703,192.8588104248047,0.017265481874346733,351.1260223388672,198.224458694458,0.012811842374503613,372.62142181396484,155.70093154907227,8.422995507717133,388.173828125,279.91790771484375,-8.857777118682861,323.49414825439453,224.55426692962646,37.633899450302124,432.71949768066406,212.37027168273926,42.43549346923828,29.470354385350426,31.847215710316224,51.85868273098849,237.2936248779297,351.1260223388672,2560,1377,1273,719
351.4790725708008,202.38664627075195,-0.03557354211807251,379.0713882446289,185.345721244812,0.014204736799001694,330.30296325683594,196.0072374343872,0.029217461124062538,349.4553756713867,153.8338565826416,18.78394067287445,367.0266342163086,270.7108497619629,-18.46183955669403,317.3625946044922,228.81640434265137,44.45695638656616,420.7010269165039,205.98130702972412,29.062095880508423,32.430371721333806,22.116158409146855,49.920208365456205,260.9286117553711,330.30296325683594,2560,1377,2543,19
414.33231353759766,194.3902587890625,-0.03305777907371521,425.31253814697266,188.35335731506348,0.03838835656642914,379.2258834838867,185.1875638961792,0.007938746362924576,399.8360824584961,148.9901304244995,21.392487287521362,415.01598358154297,265.85286140441895,-20.860381722450256,337.5709915161133,213.348069190979,18.661370873451233,437.68505096435547,216.1618995666504,50.27877330780029,12.530343645690486,36.29257533446199,46.195259345582116,214.68746185302734,379.2258834838867,2560,1377,24,27
416.22100830078125,211.53249263763428,-0.03640858829021454,425.2027893066406,197.91024684906006,0.03084491565823555,379.4674301147461,196.55847072601318,-0.00108825764618814,401.6126251220703,157.65679836273193,9.359325170516968,413.6439895629883,277.419376373291,-10.123226344585419,336.934814453125,219.30016994476318,19.270203709602356,435.7344436645508,219.58645820617676,51.799718141555786,16.316800248870617,39.6868598113621,45.75533170132691,214.79721069335938,379.4674301147461,2560,1377,28,1343
333.5013961791992,219.385986328125,-0.03793940320611,365.08426666259766,196.71546936035156,0.001464839093387127,319.8589324951172,210.15323638916016,0.03134871646761894,332.99983978271484,165.0594663619995,10.533193051815033,354.1144561767578,283.2766914367676,-11.306709945201874,313.8501167297363,236.01465225219727,52.28569507598877,410.54779052734375,208.83925437927246,21.534335017204285,38.877114702061206,16.47302300146978,47.17949165983894,274.91573333740234,319.8589324951172,2560,1377,2545,1350
375.1710891723633,192.67624855041504,-0.033203404396772385,396.97322845458984,185.6158447265625,0.02534688264131546,347.8267288208008,192.68723487854004,0.024130182340741158,367.04872131347656,151.9978952407837,24.251275062561035,390.1704406738281,266.77783012390137,-21.272302865982056,326.6721725463867,231.44705772399902,32.37058639526367,435.03841400146484,210.28371334075928,33.8502037525177,22.916862338406585,27.344362558587992,49.65262314254417,243.02677154541016,347.8267288208008,2560,1440,1875,838
363.9828872680664,188.3747148513794,-0.030209887772798538,388.5573959350586,183.4701633453369,0.027868373319506645,339.7823715209961,192.46865272521973,0.029636705294251442,359.07169342041016,152.24204063415527,30.022459030151367,380.89481353759766,265.42402267456055,-26.777865886688232,323.8356018066406,235.1571750640869,31.758549213409424,429.26063537597656,210.4072093963623,30.277715921401978,25.0591520546785,24.54435352049555,49.59814328896049,251.4426040649414,339.7823715209961,2560,1440,2186,615
361.35292053222656,187.17141151428223,-0.02988402172923088,387.0574951171875,183.2480764389038,0.027721868827939034,338.67156982421875,192.30091094970703,0.03102303110063076,357.7812957763672,152.35766887664795,30.72620987892151,378.29383850097656,264.53261375427246,-27.702702283859253,323.5146713256836,235.21609783172607,32.395230531692505,427.7463150024414,210.6560182571411,29.366995096206665,26.002263607376847,23.25414875667716,49.225517560882416,252.9425048828125,338.67156982421875,2560,1440,2307,460
366.92325592041016,185.63178062438965,-0.03084135241806507,391.79134368896484,181.53263568878174,0.02938229590654373,344.1139221191406,188.70733737945557,0.02961573749780655,360.9648895263672,151.59653663635254,30.948060750961304,383.84891510009766,263.16123962402344,-27.081003785133362,323.7995910644531,231.0457706451416,31.589233875274658,430.27259826660156,208.697190284729,31.67594075202942,25.203665972783785,23.01575021178689,48.21423930642168,248.20865631103516,344.1139221191406,2560,1440,1667,140
396.76170349121094,187.6375150680542,-0.027886856347322464,412.7224349975586,183.5159683227539,0.03236587345600128,366.5631103515625,184.59839344024658,0.015289286151528358,383.6314010620117,151.2932538986206,24.119544625282288,406.6073989868164,256.23719215393066,-21.386479139328003,332.8765869140625,217.90748119354248,20.49195170402527,433.6445999145508,209.121994972229,38.2188355922699,16.48429852287971,30.351133222379516,46.1720142067621,227.2775650024414,366.5631103515625,2560,1440,537,384
365.966796875,203.07475090026855,-0.03852406144142151,387.29724884033203,189.9276638031006,0.020340334624052048,338.9057922363281,192.59794235229492,0.014147171750664711,360.99437713623047,153.72076034545898,11.977913081645966,370.90930938720703,268.12231063842773,-12.259526252746582,311.2388801574707,217.2357702255249,34.363532066345215,415.0733184814453,210.98811149597168,40.95686674118042,25.05661749290709,29.018295770170827,48.46507463924388,252.70275115966797,338.9057922363281,2560,1440,1334,1075
359.23118591308594,204.84692573547363,-0.038795847445726395,381.9057846069336,190.34613132476807,0.017582491040229797,333.05667877197266,194.6671485900879,0.016416000202298164,354.7562026977539,154.66731548309326,11.603555381298065,366.86153411865234,269.0338325500488,-11.796172857284546,309.46800231933594,219.51550483703613,37.284361124038696,412.98397064208984,210.51481246948242,38.623541593551636,26.914874409303636,28.08438510649482,49.03984432155558,258.0942153930664,333.05667877197266,2560,1440,1604,1079
358.9129638671875,204.39870357513428,-0.03936608508229256,382.1051025390625,189.4922161102295,0.016827808693051338,333.2436752319336,193.50295543670654,0.015798429027199745,354.74510192871094,154.18697834014893,10.546077489852905,366.600341796875,269.3678855895996,-10.79346477985382,309.47364807128906,218.47237586975098,37.46244192123413,412.7510070800781,209.8639440536499,38.6972451210022,27.56952420185817,27.88601274001048,49.02575964158834,257.8948974609375,333.2436752319336,2560,1440,1529,850
349.4194793701172,203.0212640762329,-0.038700468838214874,375.4933547973633,187.8485870361328,0.01308502722531557,327.2201156616211,193.2974910736084,0.02088765799999237,347.6976776123047,154.46115016937256,11.509828269481659,358.96522521972656,267.9123115539551,-11.897425353527069,307.6377296447754,219.19675827026367,41.845396757125854,410.4806900024414,207.11307048797607,33.8089656829834,30.167152804975288,24.23558355948259,48.57979180550457,264.5066452026367,327.2201156616211,2560,1440,1965,706
361.8000793457031,195.50551414489746,-0.03694887459278107,385.4439926147461,184.07878875732422,0.021903477609157562,337.66357421875,187.30253219604492,0.018134407699108124,358.21826934814453,149.93200778961182,16.114237904548645,367.16670989990234,262.50268936157227,-15.913671255111694,310.06839752197266,214.8500633239746,34.9811053276062,413.2448959350586,208.1724214553833,39.02438521385193,26.260325355125307,25.492347726261603,47.88904784870061,254.5560073852539,337.66357421875,2560,1440,1148,161
361.53697967529297,196.03792190551758,-0.03703988716006279,385.38421630859375,183.89601230621338,0.02139386162161827,337.4724578857422,187.17849254608154,0.017884481698274612,357.97706604003906,149.98263359069824,15.624346733093262,367.2786331176758,262.8651809692383,-15.567344427108765,310.2968215942383,214.70502376556396,35.04372596740723,413.2075881958008,207.45696544647217,38.80410075187683,26.760356196476874,25.643531300010174,48.024069711914386,254.61578369140625,337.4724578857422,2560,1440,1178,141
362.0846939086914,195.70013523101807,-0.036871537566185,385.65982818603516,183.80444526672363,0.021693505346775055,337.68245697021484,187.01897621154785,0.018010500818490982,358.1700134277344,150.24250030517578,15.946471095085144,368.2125473022461,262.26545333862305,-15.758058428764343,310.8769416809082,214.70171928405762,34.906572103500366,413.7794876098633,207.26892471313477,38.88424515724182,26.40633249660777,25.900418713273325,48.08493899315934,254.34017181396484,337.68245697021484,2560,1440,1190,118
